titles,category
"젠슨 황, 韓 제조 데이터로 AIDC ‘퀀텀점프’ 노린다",Politics
잠실구장서 젠슨 황 던지고 박정원 치고…엔비디아·두산 'AI 동맹' 과시,Politics
성과급 간극에 등 돌렸다…삼성 최대노조 '과반 지위' 상실,Politics
"“테슬라의 유일한 경쟁자” 주가 ‘144%’ 급등 현대차, 토요타도 뛰어넘는다 [투자360]",Politics
"AI, 똑똑한 건 거기서 거기…삼성·SK '연비 좋은' 메모리 시험대",Politics
외환당국 경고에도 1540원 뚫은 환율…1600원 경고등 켜졌다,Politics
앞자리 6번 바꾸며 8000피 안착… 코리아 디스카운트 벗었다 [이재명정부 1년],Politics
엔비디아·SK하닉·TSMC 원스톱 연결…고객 맞춤형 HBM 공동대응,Politics
젠슨황 이어 웨어저자 회동…최태원 'AI 삼각동맹' 속도,Politics
삼성전자 최대노조 무너졌다…한 달 반 만에 1만8000명 이탈,Politics
"""韓 지배주주 지배력 압도적…'소수주주 다수결' 도입해야""",Politics
노조 권한 확대에 초점…'성과급 사태' 등 리스크 키웠다 [이재명정부 1년],Politics
반도체주 고공행진…'녹아웃' 없는 삼전닉스 ELD 등장,Politics
길어지는 겨울…가상자산 새 판 짠다,Politics
메모리 편향에 조합원 뿔났다... 삼성전자 최대노조 1.8만 명 탈퇴,Politics
하루 만에 1兆 폭증한 주담대…영끌족 다시 꿈틀?,Politics
"'OLED 초격차 승부' LGD, 대만서 게이밍 모니터 판 키운다",Politics
초프리미엄·AI 기술 탑재... 삼성전자TV '적수가 없다',Politics
"박현주 ""미래 변화 포착하는 킬러 프로덕트로 승부""",Politics
동탄 국평 20억대 신고가…‘셔세권’ 수지·영통도 꿈틀,Politics
"LG이노텍·삼성전기, 베트남 반도체 기판 증설 투자 속도",Politics
민심 '李정부 안정론' 택했다…吳·韓 생환에 보수재편 기대감도,Politics
"[단독] 스페이스X 공모주, 국내 ETF·공모펀드에 담긴다",Politics
생산·충전·모빌리티 연계…수소 생태계 승부수 띄웠다,Politics
"젠슨황, 내일 온다…'삼쏘 회동' 광폭 행보",Politics
"칼라일, 청호나이스 및 관계사 1조원에 인수한다...본계약 체결",Politics
최성안號 삼성重 '바다 위 테슬라' 잡았다… 20억 전략 투자,Politics
"‘불닭 창시자’ 김정수, 회장 되자마자 자녀들에 주식 증여…3세 승계 속도?",Politics
코스피 8600까지 후퇴…중동 리스크에 외국인 순매도,Politics
"'젠슨황株' 급락한 날, 코스닥은 날았다",Politics
신영證 주주환원 속도 … 1조 자사주 소각 결정,Politics
"[단독] LG, 엔비디아 블랙월 GPU 1만장 도입",Politics
배달라이더도 최저임금 받나…민주노총 “택배·배송기사 시급 1만7468원 보장해야”,Politics
메모리만 챙겼다… 직원들 불만에 삼성전자 최대 노조 과반노조 지위 상실,Politics
"‘2조원대’ SK 울산 AI 데이터센터 지분 매각, 이달 말 본계약",Politics
"김정수 삼양식품 회장, 장남 전병우에 17.1만주 증여 “경영권 승계 포석”",Politics
"""AI로 3배 먹는다""…SOXL 잇는 전투개미 픽 될까 [한경 프리미엄9 TODAY]",Politics
"스페이스X IPO 앞두고, 외환당국 집중 감시",Politics
[단독] 피지컬 AI 속도내는 LG…엔비디아와 전방위 협력,Politics
美 다음은 K-우주산업…우주 ETF 경쟁 치열,Politics
사막에 SMR…공사 석달만에 35m 시설 뚝딱,Politics
"에너지 위기설·美 추가관세 우려에 환율 급등…""쏠림 과해""",Politics
관세·유가 '겹악재'…환율 1540원대로 치솟아,Politics
"박현주 “운용사 성패, 킬러 프로덕트에 달려”",Politics
성과급 갈등에 1만8천여명 ‘우르르’…과반 무너진 삼성 초기업노조,Politics
“도대체 누굴 뽑으려고?” 기약없는 차기 수장 선임…NH證 ‘깜깜이 임추위’ 논란,Politics
[단독] 금융당국 ‘제재 불복’ 줄소송… 과징금 환급액 눈덩이,Politics
[글로벌 핫스톡]AIDC 핵심 광연결반도체 공급하는 마벨,Politics
加 잠수함 수주 비밀병기 된 ‘수소 트럭’,Politics
은행 연합군에 미래·한투까지…가상자산 거래소 품기 경쟁 ‘4파전’,Politics
"압구정 휩쓴 현대건설, 정비사업 '최대실적' 또 쓰나",Politics
“연내 나스닥 토큰화증권 거래…韓 가만히 있는 게 최대 리스크” [비트코인 서울 2026],Politics
"삼성이 따라잡는다? ""꿈 깨""...TSMC 회장 내비친 자신감, 근거는",Politics
"최임위 3차 회의...""도급 노동자 최저임금 적용"" vs ""법적 근거 없어""",Politics
"“외인 또 7조 던졌다” 삼전닉스, 지금 사도 될까요?…‘4가지 방법’ 추천",Politics
"집값 더 뛰고, 자산 격차 커졌다...""보유세 올릴 것"" [이재명 정부 1년]",Politics
"'자사주 부자' 신영증권, 1조원어치 소각하고 나눠준다",Politics
“삼전닉스 놓쳤다면 이 종목” … 1년새 180% 뛴 ‘반도체 설거지’ 기업 [반도체플러스],Politics
[건설사 자금조달 진단] 단기·고금리 조달 몰리는 SK디앤디,Politics
"7달 만에 2번째 깐부 회동, 한국과 AI 동맹 노리나? [이브닝 브리핑]",Politics
삼성·닉스 쉬어가자 소외주 볕 들었다…非AI·코스닥주 반등,Politics
“스트래티지의 비트코인 매도는 성장통…장기적으로 회복할 것” [비트코인 서울 2026],Politics
"‘삼전닉스’ 쉼없이 팔더니, ‘뉴 깐부’ 종목 폭풍 매수…외국인 투자 종목 살펴보니 [투자360]",Politics
"SK TNS 매각, 복수 우협 선정...팬택C&I·KCA캐피탈",Politics
"[단독] 중국 1위 양쯔메모리, 4년 만에 한국 재진출",Politics
'국민차 쏘렌토 꺾었다'…1위 등극한 수입차 정체,Politics
일반주주 동의 없는 주식교환 괜찮나…신세계푸드 사례가 던진 질문,Politics
"체급 달라진 韓증시…""상법개정이 일등공신""",Politics
[코인뉴스] 비트코인 6만 달러 방어전…시장 촉각,Politics
"'국민연금 vs 이재용 회장' 손배소 1심…法 ""청구 원인 정리해야""",Politics
메모리 생산 2배 늘린다는 최태원…“증산경쟁 신호탄은 아냐”,Politics
AI 열풍의 역설...역대급 스마트폰 시장 '혹한기' 온다,Politics
"""이번엔 어떤 '소맥' 마실까""…젠슨 황 방한에 주류업계 들썩",Politics
홈플러스 37개 점포 결국 폐점…희망퇴직금도 남의나라 얘기,Politics
'칩' 대신 '공' 잡고… 젠슨황 잠실 뜬다,Politics
“주식으로 좀 벌어서 하나 샀어”…명품 매장 불티나자 백화점주 ‘신고가’,Politics
"""더존·리멤버, AI發 산업재편 승자될 것""",Politics
"""韓과 할 일 정말 많다""..젠슨 황과 K제조업, '우정'이 '동맹'으로",Politics
[질문에 답하다] 오세훈 연임에 정비조합 반색… 재건축 속도 더 붙을까,Politics
"[퇴근길머니] 관세·중동 악재에 코스피 '숨고르기'…환율 1,530원 돌파",Politics
"삼성전자 초기업노조, 과반 지위 상실…1.8만명 '썰물'",Politics
총수 회동부터 예능까지…젠슨 황 3박4일 '광폭행보',Politics
"'브로드컴 충격·금리인상 공포'에 흔들…닛케이, 1.36%↓[Asia마감]",Politics
"코레이트, 쿠팡 품은 '서오산 물류센터' 매물로…실수요자 '눈독'",Politics
"김정수 삼양식품 회장, 아들 전병우 전무에 주식 17만주 증여",Politics
"국민연금 '삼성 합병 손배소' 2차 변론…""청구 원인 정리해야"" 지적",Politics
삼성전자 초기업노조서 1만8천명 이탈…과반노조 지위 상실,Politics
"LG이노텍, '알짜' 반도체기판 2배 키운다",Politics
외국인 지분 51% 넘은 KT&G…美 퍼스트이글도 5% 주주로,Politics
"""떨어질 재료가 없다""…악재 겹치며 환율 1530원 재돌파",Politics
"""젠슨 황 믿고 들어갔는데""⋯방한 기대주 줄줄이 급락, 개미들 '패닉'",Politics
"특고·플랫폼노동 최저임금 적용 노사 공방…""불가피"" vs ""불가능""",Politics
"홈플러스, ‘돌연 휴점’ 점포 37곳 결국 폐점",Politics
"브라질, 원유 30% 증산…세계 5위 산유국 도약 예고",Politics
"7개월 만에 다시 방한한 젠슨 황, 국내 기업이 챙길 실속은",Politics
"30년 농약사업 접는다…OCI홀딩스, 베트남 사업 태양광 중심 재편[only 이데일리]",Politics
코스피 유가·금리·환율 ‘삼중고’에 8600선 후퇴,Politics
"[자막뉴스] 결국 '과반 저지선' 뚫린 노조…""DS 들러리 싫다"" 초고속 탈퇴 행렬",Politics
“고물가 못 버텨”…버거·커피까지 줄줄이 가격 오른다,Politics
“반도체 공급 부족 오래 간다”…자신감 넘치는 TSMC,Politics
"'불장' 환호 뒤에 ""곧 떨어진다"" 22조 베팅…공매도 몰린 종목은?",Politics
외국인 19거래일째 ‘삼전·닉스’ 55조 팔아…환율 급등 원인으로,Politics
"'매도 폭탄' 당장은 피했지만...국장 비중 30% 국민연금, 쿨링다운 나설까",Politics
코스피 주춤하자 6거래일만 반등…소외됐던 코스닥에 볕드나(종합),Politics
내일부터 '젠슨 황' 데이…관련주 단기 변동성 주목,Politics
“AI 혈관은 광(光)통신…100년 표준 구리선 한계 왔다”,Politics
"[투자 노하우] 달러·원환율, 13.3원 오른 1529.7원 마감…중동 영향",Politics
“월드컵 보는 줄”…초접전 개표에 ‘이것’ 매출 급증,Politics
"""라이더도 최저임금 달라""…성과급 가더니 도급제 '임금 폭탄'",Politics
석유 이어 전력시장도 가격상한제?… 김성환 “발전사 초과이익 막겠다”,Politics
원·달러 1530원···‘3고’ 고통도 자영업자·서민에 쏠린 양극화,Politics
여신협회장 두번째 '민간 출신' 낙점…협회 수장 'KB 출신' 약진(종합),Politics
차기 여신협회장에 '非관료' 이동철…보험 유관기관장 바로미터될까(종합),Politics
"홈플러스, 휴업 37개점 결국 문닫는다",Politics
"삼성전자 교섭 주도한 초기업노조, 1.8만명 탈퇴 러시…과반 지지선 무너졌다",Politics
[民출신 여신협회장 시대]① 낙하산 끊었지만…이동철의 무거운 어깨,Politics
"""페이커!"" 외쳤던 젠슨 황, 방한 중 이상혁도 만난다",Politics
야당 당선에 힘 빠지나…기업은행 대구 이전 향방은,Politics
"최태원, 엔비디아·TSMC·폭스콘 수장과 연쇄 회동…AI 동맹 넓힌다",Politics
"신영증권, 발행주식 32% 자사주 소각…주당 배당금 7500원",Politics
왜 원화만 유독 약할까…유가·외국인 매도세·관세 '삼중 압박',Politics
현대모비스 구조조정 갈등 지속…본사 사무직 반발에 국제 공방까지,Politics
"“그러게, 욕심이 과했어”…메모리 독식 성과급에 삼전 최대 노조 과반지위 상실",Politics
지난해 코스피 상장사 현금배당 52.8조…역대 최대,Politics
"최태원, 대만서 글로벌 IT 거두들과 연쇄 회동…AI 주도권 쥔다",Politics
"한달새 40% 오른 삼성그룹 ETF, 자금은 덜 오른 '여기' 몰렸다",Politics
코스피 쉬어가자 소부장에 돈 몰려…코스닥 2%대 상승 마감,Politics
"카카오 노조 ""엔터프라이즈 임단협 결렬은 경영진 회피 탓""",Politics
삼성전자 최대노조서 1만 8천 명 이탈…과반노조 지위 상실,Politics
"젠슨 황, 내일 오후 방한 ""서울 종횡무진""…'2차 깐부회동' 성수·홍대·힙지로 어디?",Politics
"외인이 내다판 '100조'...""개미가 다 떠안아"" 우려 커진다",Politics
"2770.84→'8639.41'…이재명 대통령 취임 1년, 코스피 '212%' 뛰었다",Politics
"""진짜 1만피 가나요?""…증시 파격 전망에 개미들 3가지 의문",Politics
"주주환원나선 신영증권, 1조 자사주 소각하고 배당도 확대",Politics
'1500원대 환율' 이어지자 달러보험 인기 시들,Politics
"[애프터마켓 브리핑] 코스닥, 엿새만에 상승…활성화 대책 주목",Politics
"코스피 8,600선 후퇴...환율 장중 1,530원 넘어",Politics
"""HBM 가격 또 오른다""...삼성·하이닉스 '슈퍼호황' 예고",Politics
"'KB맨' 이동철, 여신금융협회장 내정…산적한 과제 속 민간리더십 시험대",Politics
'핵잠 논의 본격화·캐나다 60조 수주전'…K잠수함 위상 커진다,Politics
"현대차 노조 “AI 도입, 노동자 대체 수단 안돼”",Politics
"삼양식품 김정수 회장, 자녀에 대출 800억원·주식 20만주 증여",Politics
젠슨 황 만나는 기업들도 주가 떨어졌다…환율 1530원 직전,Politics
본 사업 보다 주식 투자가 낫네...코스피 랠리에 웃는 중소·중견기업,Politics
'1만피' 장밋빛 전망에도 곱버스 타는 개미들…기관·외국은 순매도,Politics
"신세계푸드 주주들, 대주주 뺀 '소액주주 다수결' 던졌다",Politics
"환율, 두 달여 만에 1,530원대…외국인 매도 속 고공행진(종합)",Politics
"SK온 '그리드온', 美 ESS 승부수…""이상징후 30분 먼저 감지""",Politics
"""단순 실수도 과태료 500만원?""…국토부, '허위·미끼매물' 중개 광고 기준 정비",Politics
성과급 논란에… 삼성 초기업노조 과반지위 상실,Politics
"한화오션, 정부·군 수뇌부 지원 사격… CPSP 수주 총력전",Politics
"삼성전자 초기업노조, 과반노조 지위 상실…성과급 갈등에 조합원 이탈",Politics
"""반도체 덕에 호황"" 백화점株, 명품 매출 확대 속 '신고가'(종합)",Politics
"거꾸로 가는 코스닥, 1000선 방어 안간힘…코스피 디커플링 '왜'",Politics
[오늘증시] 코스피 외인 매도에 8630선 후퇴…코스닥은 2%대 상승,Politics
외국인 지분 51% 넘은 KT&G… 블랙록 이어 美 퍼스트이글도 5% 주주로,Politics
“스타벅스 불매한다” 이 말 진짜였네…‘탱크데이’ 논란 후 매출 100억 줄었다,Politics
"전기요금, 지역별로 달라지나…김성환 ""차등요금제 곧 공개""",Politics
삼성전자 '과반 노조' 무너졌다…성과급 후폭풍에 '탈주',Politics
“불장에 마통을 왜 갚아요”…가계대출 새 뇌관에 금융당국 고심,Politics
스페이스X 글로벌 자금 '블랙홀'…상장 이후 코스피로 유턴 가능성,Politics
"한투운용, 스페이스X IPO 참여…“우주 ETF·펀드에 즉시 편입”",Politics
"최태원 SK 회장, 젠슨 황 이어 대만 TSMC·폭스콘 수장과 릴레이 회동…'AI 동맹' 광폭 행보",Politics
환율 1540원도 뚫렸다… 당국개입도 '헛일',Politics
"7개월만에 한국 찾는 젠슨 황, 삼겹살 회동·프로야구 시구 예고",Politics
"""온다 온다 7년째""…지방 혁신도시 마이너스 프리미엄 속출[부동산AtoZ]",Politics
[속보] 삼성전자 최대 노조서 1만8000명 이탈했다…‘과반노조’ 지위 상실,Politics
"AI 반도체 붐에 기판도 공급난…K-기판, 잇달아 증설 나선다",Politics
"캐나다, 넷플릭스 겨냥 OTT 규제 철회…트럼프 압박에 물러섰나",Politics
짙어진 금리 인상 시나리오… 'PF' 정리 남은 2금융권 긴장감↑,Politics
"아이엠티 ""HBM 세정장비 삼성전자에 공급 추진""",Politics
[마켓인]보험사 M&A 깜짝 흥행 예고…원매자별 셈법 보니,Politics
"셀트리온, 1000억원 규모 자사주 소각 완료…연내 주주환원 2조원 추진",Politics
김성환 “전기요금 인상 단계 아냐… SMP·LNG 사후 정산제 검토”,Politics
"""택배·배달기사도 최저임금"" VS ""최임위 권한 밖""…3차 최임위 노사 공방",Politics
‘1만피’ 기대에 빚투 열기도 최고조…신용잔고 40兆 시대 눈앞,Politics
"미지정 회계사 끌어안는 회계법인…전문가들 ""미봉책, 선발 축소 뒤따라야""",Politics
17년 만에 1530원 뚫렸다…'고환율 뉴노멀' 우려 확산,Politics
"홈플러스, ‘영업 중단’ 37개 점포 결국 폐점…3500여명 고용 불안",Politics
'탱크데이' 후폭풍 끝났나?…신세계 주가 불기둥,Politics
"'상장 1년' 달바글로벌, 자사주·배당 카드…20만원선 회복할까",Politics
"연간 1조 원 조달하는데…오뚜기, 감시기구 없는 이유",Politics
젠슨 황 효과 끝났나…기대감에 뛰었던 LG·SKT·두산株 '와르르'(종합),Politics
"대형마트, 또 일요일에 못 가나...여권 교체 지자체 '긴장'",Politics
코인 거래 넘어 투자상품까지… 한투·OKX 손잡은 코인원,Politics
"삼성중공업, 4조원대 美 FLNG 수주 소식에 주가 '우상향' [주가동향]",Politics
"'젠슨 황' 방한 D-1, 외국인 '깐부株' 줄줄이 매각 (종합)",Politics
'희귀질환藥' 꼬리표 떼는 RNA치료제…적응증 확장 본격화에 존재감↑,Politics
선거 끝나자 분양 큰장…6월 4만가구 쏟아진다,Politics
"[르포] 아모레·LG생건 짐싸고, 고기 매대엔 도마만…에어컨마저 꺼진 홈플 ‘청산 공포’",Politics
"TSMC 회장, ‘향후 수년간 TSMC 성장 확신’",Politics
기존 호황에 AI 더했다…K-조선 '슈퍼사이클 시즌2' 기대감,Politics
스페이스X 상장 임박…주목받는 韓 태양광,Politics
"엘앤에프플러스, 국민성장펀드서 '2200억' 지원 확정…LFP 양극재 양산 본격화",Politics
삼성전자 최대노조서 1만8천명 이탈…과반노조 지위 상실,Politics
"코스피, '역대 두번째' 외인 순매도에 8,630선 후퇴…코스닥 2%대↑(종합)",Politics
"""정부가 3000억 건 백신""…21가 폐렴구균 백신에 쏠리는 기대감",Politics
"김성환 기후장관 ""지역별 전기요금 곧 공개..산업용 요금 하향해야""",Politics
"상장 후 32% 빠진 케이뱅크, 보호예수 1차 해제 'D-1'",Politics
"KODEX 200, 순자산 30조원 돌파…국내 ETF 최초",Politics
여신금융협회장에 이동철 전 KB금융 부회장 내정,Politics
젠슨 황 5일 방한…'삼겹살 회동' 이어 판교행 전망,Politics
K증시 전 세계 13위에서 6위로…1년새 코스피 앞자리 6번 바뀌었다,Politics
배달라이더 최저임금 본격 심의…노사 정면충돌,Politics
"""겁없는 개미, 다 받아내"" 외인 7조 매도폭탄 '방어'...빚투 눈덩이",Politics
"'첨단 반도체 기판' 삼성전기, 삼전닉스 제치고 검색 1위로 [빅데이터로 본 재테크]",Politics
"오세훈 재선에 정비사업 기대감↑…""집값 변수는 결국 정부 정책""",Politics
"AI 시대 최대 자금 블랙홀…스페이스X, 코스피 자금도 빨아들이나",Politics
"외국인 7조 폭탄에 코스피 털썩…환율 1,530원",Politics
"신영증권, 1兆 자사주 소각 결정…'주주환원' 보폭 넓힌다",Politics
"삼성물산, 신고가 새로 쓰고 10% 급등 마감[핫스탁](종합)",Politics
[마켓뷰] ‘삼전닉스’ 쉬어가자… 차익실현·순환매 나타난 증시,Politics
스페이스X 국내 공모 물건너갔다…사모 방식 유력,Politics
반도체 소부장 강세에 모처럼 웃은 코스닥…코스피는 숨고르기,Politics
코스맥스 신용등급 상향… 공모채 시장 등판 가능성 주목,Politics
"코스피, 외인 7조 순매도에 1.8% 하락…코스닥은↑[마감]",Politics
외인 7조 던졌다…코스피 1.8% 하락에 환율도 1530원 목전,Politics
"김성환 장관 ""국제 경쟁 위해 산업용 전기요금 하향 안정화해야""",Politics
"“무주택자 기회라더니”…42억 반포 아파트, 85억에 팔린 이유",Politics
"코인원 ""종합 금융사로 도약""…한투·OKX와 4각 동맹 출범 [현장+]",Politics
"인터엑스 싱장 예심…기존 투자자 ""공모 분위기 좋아 구주 안판다""",Politics
"[단독]HD현대重 ""4대 보험 미가입 하청 직원, 출입 금지"" 초강수",Politics
'외부출자·해외투자 족쇄' 풀리나…잠잠했던 CVC 설립 다시 꿈틀,Politics
"김성환 기후장관 ""전기차 보조금 추가배정 추진…전기료 인상 상황 아냐""",Politics
"교보생명, 불어난 해약환급금준비금 1.8조…기본자본에 미칠 파장",Politics
김성환 “中과 경쟁하려면 산업용 전기요금 내려야”,Politics
'삼전닉스' 쉬어가자 '드디어 기회왔다'…소부장 20% 날았다,Politics
"코스피, 삼전·SK하닉 숨고르기에 8630선 후퇴…삼성물산 10%↑",Politics
"기후장관 ""산업 전기요금 하향 필요…지역별 요금제 곧 공개""",Politics
"기후장관 ""산업용 전기요금 부담 낮출 것""…LNG 급등엔 '폭리 방지'""",Politics
한투·OKX·컴투스·코인원 ‘4자 동맹’…“제도권+디지털자산 묶는 허브 구축“,Politics
“고유가도 벅찬데 환율 1530원 시대는 또 처음”…금융위기급 악재에 우는 항공업계,Politics
신영증권 자사주 526만주 소각…배당금도 50% 올렸다,Politics
젠슨 황 내일 전세기로 김포공항 입국…삼겹살 회동에 시구까지,Politics
"美 행동주의 펀드 달튼, 슈프리마 주요주주 등극…주주활동 나서나",Politics
外人 '셀코리아' 언제 멈추나…코스피서 19일째 '팔자'에 66조 순매도(종합),Politics
코스피 상장사 지난해 배당금 52.8조원 ‘역대 최대’ [투자360],Politics
“침체 길어지면서 장기 투자자도 팔았다”…앞으로도 계속?,Politics
홈플러스 휴업 37개점 ‘폐점’ 결정…근무 인원만 3500명,Politics
"덴마크, 40년 만에 SMR 도입 추진한다",Politics
외인 매도 폭탄에 주저앉은 코스피…코스닥은 6거래일만 반등,Politics
'5선 성공' 오세훈 테마주 일제히 강세…진양화학 '상한가'(종합),Politics
"""한 푼도 못받고 나가나"" 홈플러스 37곳 폐점 통보..직원 3500명 운명은?",Politics
"엔비디아·TSMC 이어 폭스콘까지…최태원 회장, 대만서 'AI 동맹' 광폭 행보",Politics
찬밥 신세였는데…예별손보·KDB생명 인수전 왜 불 붙었나,Politics
美 석유재고 22년만에 최저…유가 상승 뇌관,Politics
지인 명의로 농지 구입해 수억원 차익…양도소득세 나오자 잠적,Politics
두 달 만에 1530원 뚫은 환율…당국 구두개입에 1529.7원 마감(종합2보),Politics
6.3 지방선거 최대 승부처 ‘서울 시장’ 선거…부동산 민심이 갈랐다,Politics
“스페이스X 상장 전 이것 사라”…6월말 돈 버는 단타 종목,Politics
“적당히들 하입시다”…BTS도 지적한 ‘숙박 갑질’ 손 본다,Politics
6월은 해외자산 신고의 달…5억 초과 해외계좌 신고 필수,Politics
‘투표용지 부족’ 사태에 중앙선관위 “진상조사위 운영”···정치권 “책임 물어야” 한목소리,Politics
"손혜원 전 국회의원, 목포시의원 무소속 출마 당선 화제",Politics
"‘단 1표 차’ 민주당 후보, 충남도의원 선거 재검표 후 극적 당선",Politics
정성호·강훈식·한성숙 차기 총리 후보군으로 물망,Politics
"“품격·실력 없다”…‘당선자’ 한동훈, 장동혁 등 국민의힘 당권파 정조준",Politics
"국힘서 장동혁 사퇴요구 공개 분출…""염치있으면 거취 결정해야""",Politics
"靑 참모진도 희비 교차… 우상호·김남국 등 당선, 하정우·김병욱  고배",Politics
"조국 “지방선거 결과 책임, 당대표직 물러나겠다”",Politics
"원내 입성한 한동훈, 보수판 뒤집나? [이슈톺]",Politics
한미 해병사령관 미 국방부서 대담…연합훈련 확대 등 군사협력 논의,Politics
"한동훈, 금배지 첫날 장동혁 때렸다… “보수 품격에 안 맞아”",Politics
"‘尹 어게인’ 극우엔 선 긋고, 李정부 독주 우려엔 견제구 [6·3 지방선거 이후]",Politics
"사퇴 요구 공개 분출…장동혁 ""희망 불씨"" 일축",Politics
민주 '낙동강벨트 탈환'·국힘 '원도심 사수'… 지방 권력 ‘양분’,Politics
"[영상] 서울 놓친 민주당, 전국 잃은 국힘… 6·3 지선, 진짜 승자는?",Politics
존재감 드러낸 ‘샤이 보수’…유의동·한동훈·오세훈으로 결집,Politics
"[뉴스분석] 국힘 꾸짖은 민심, 여당 독주도 견제했다",Politics
새민주 전병헌 “친문 잠룡들 ‘자연사’시킨 선거…친명 권력집중이 민심 지지는 아냐”,Politics
"박지원 ""'오세' 오세훈 5선, '명픽' 이 대통령 책임?...그건 아냐, 민주당이 진 것, 뼈아파""[여의도초대석]",Politics
정원오 12시간 리드 끝 역전패…서울 민심은 왜 막판에 움직였나[여의뷰],Politics
오세훈 당선에 TBS 충격과 혼란…정상화 가능할까,Politics
오세훈 역전에 “어쩌면 좋아” 탄식 김어준…“보수 대선후보 2명 살아 돌아왔다”,Politics
서울시장·경남지사·평택을... 접전지 너무 틀린 출구조사,Politics
장동혁과 선 그은 인물만 생환…'극우 노선' 지도부 교체론 분출,Politics
"""한표가 소중"" 단 1표 차 승리…'차이 100표 미만' 초접전 이어져",Politics
일진과 맞짱 뜬 ‘고1 한동훈’…이유 알면 ‘의원 한동훈’ 보인다,Politics
의원배지 다는 靑출신 3인방 김성범·윤용근도 원내 입성,Politics
"새 고농축우라늄 공장 시찰한 김정은 ""생산능력 2배 능가""",Politics
민주당 찜찜한 승리…결선투표제 도입하나[박지환의 뉴스톡],Politics
차기총리 '정성호·한성숙·강훈식' 3인 압축,Politics
[연합뉴스 이 시각 헤드라인] - 18:00,Politics
"""압승이라더니"" 서울도, 대구·전북도 틀렸다…출구조사 빗나간 이유는",Politics
서울구청장 4년만에 반전…민주 vs 국힘 '8대 17'서 '17대 8'로,Politics
‘투표용지 부족’ 혼란 계속되는 잠실7동 제2투표소…전날 밤 ‘우왕좌왕’ 현장의 재구성,Politics
"국회 입성 한동훈·이광재, '포스트 지선' 정국 역할론 주목",Politics
들끓는 한동훈發 보수 재편론…野 원내대표 선출이 첫 분수령,Politics
"투표 용지 부족 사태에 소환된 야인시대 “국민들 뭘 알겠나, 안 나왔구나 하겠지”",Politics
"국힘, 지선 후폭풍…당내선 ""장동혁 거취 정하라"" 張 ""당원들과 새길 찾겠다""(종합)",Politics
"조갑제 ""한동훈 살아 돌아와…국힘 양아치 시대 청산해야""",Politics
“여론조사 무덤으로 기록될 선거”…출구·여론조사 또 틀렸다,Politics
"견고한 보수의 심장, 꿰뚫진 못했어도 균열은 냈다···졌지만 빛난 김부겸의 5번째 도전",Politics
[뉴스워치] 대역전 드라마 쓴 오세훈…투표지 사태 후폭풍 확산,Politics
완벽한 승리 없었다… 與 '서울 탈환' 실패,Politics
[2026 지선] 4석 그친 국힘…'사퇴론 재 점화' 장동혁 미래는?,Politics
"선거 끝, 개각의 시간…이재명 정부 2대 총리는 누가 되나",Politics
음모론 부추기는 보궐선거 3위 김현태…“부정선거·윤 어게인”,Politics
더본코리아도 “가격 인상”…외식업계도 도미노 인상? [푸드360],Economic
ELS 과징금 1.4조→6000억…'금소법 적용 첫 사례' 감안 감경,Economic
"최태원, 웨이저자 TSMC 회장과 회동…젠슨 황은 내일 방한",Economic
"보령, 오리지널 항암제 탁소텔 영업 양수…제네릭 ‘디탁셀’ 매각 진행",Economic
테슬라·BYD 주춤…5월 수입 전기차 열기 한풀 꺾여,Economic
"기후장관 ""산업용 전기료 낮춰야… 지역별 요금제 통해 추진""",Economic
"“트럼프, 어떤 식으로든 관세 유지할 것”…무역전쟁 다시 불붙나[줌인]",Economic
"정부 ""올해 물가 2.7% 안팎""…석유 최고가격제 해제 시점 검토",Economic
"젠슨 황, 잠실 마운드 오른다…두산과 AI 동맹 강화",Economic
HD현대 캐나다 잠수함 수주전 '올인'…계열사 총력 지원,Economic
"젠슨 황, 韓 제조 데이터로 AIDC ‘퀀텀점프’ 노린다",Economic
잠실구장서 젠슨 황 던지고 박정원 치고…엔비디아·두산 'AI 동맹' 과시,Economic
성과급 간극에 등 돌렸다…삼성 최대노조 '과반 지위' 상실,Economic
"“테슬라의 유일한 경쟁자” 주가 ‘144%’ 급등 현대차, 토요타도 뛰어넘는다 [투자360]",Economic
"AI, 똑똑한 건 거기서 거기…삼성·SK '연비 좋은' 메모리 시험대",Economic
외환당국 경고에도 1540원 뚫은 환율…1600원 경고등 켜졌다,Economic
앞자리 6번 바꾸며 8000피 안착… 코리아 디스카운트 벗었다 [이재명정부 1년],Economic
엔비디아·SK하닉·TSMC 원스톱 연결…고객 맞춤형 HBM 공동대응,Economic
젠슨황 이어 웨어저자 회동…최태원 'AI 삼각동맹' 속도,Economic
삼성전자 최대노조 무너졌다…한 달 반 만에 1만8000명 이탈,Economic
"""韓 지배주주 지배력 압도적…'소수주주 다수결' 도입해야""",Economic
노조 권한 확대에 초점…'성과급 사태' 등 리스크 키웠다 [이재명정부 1년],Economic
반도체주 고공행진…'녹아웃' 없는 삼전닉스 ELD 등장,Economic
길어지는 겨울…가상자산 새 판 짠다,Economic
메모리 편향에 조합원 뿔났다... 삼성전자 최대노조 1.8만 명 탈퇴,Economic
하루 만에 1兆 폭증한 주담대…영끌족 다시 꿈틀?,Economic
"'OLED 초격차 승부' LGD, 대만서 게이밍 모니터 판 키운다",Economic
초프리미엄·AI 기술 탑재... 삼성전자TV '적수가 없다',Economic
"박현주 ""미래 변화 포착하는 킬러 프로덕트로 승부""",Economic
동탄 국평 20억대 신고가…‘셔세권’ 수지·영통도 꿈틀,Economic
"LG이노텍·삼성전기, 베트남 반도체 기판 증설 투자 속도",Economic
민심 '李정부 안정론' 택했다…吳·韓 생환에 보수재편 기대감도,Economic
"[단독] 스페이스X 공모주, 국내 ETF·공모펀드에 담긴다",Economic
생산·충전·모빌리티 연계…수소 생태계 승부수 띄웠다,Economic
"젠슨황, 내일 온다…'삼쏘 회동' 광폭 행보",Economic
"칼라일, 청호나이스 및 관계사 1조원에 인수한다...본계약 체결",Economic
최성안號 삼성重 '바다 위 테슬라' 잡았다… 20억 전략 투자,Economic
"‘불닭 창시자’ 김정수, 회장 되자마자 자녀들에 주식 증여…3세 승계 속도?",Economic
코스피 8600까지 후퇴…중동 리스크에 외국인 순매도,Economic
"'젠슨황株' 급락한 날, 코스닥은 날았다",Economic
신영證 주주환원 속도 … 1조 자사주 소각 결정,Economic
"[단독] LG, 엔비디아 블랙월 GPU 1만장 도입",Economic
배달라이더도 최저임금 받나…민주노총 “택배·배송기사 시급 1만7468원 보장해야”,Economic
메모리만 챙겼다… 직원들 불만에 삼성전자 최대 노조 과반노조 지위 상실,Economic
"‘2조원대’ SK 울산 AI 데이터센터 지분 매각, 이달 말 본계약",Economic
"김정수 삼양식품 회장, 장남 전병우에 17.1만주 증여 “경영권 승계 포석”",Economic
범죄로 얼룩진 선거…가짜뉴스·흑색선전이 최다 [세상&],Social
"작년 불수능 여파?…EBS·입시업계 ""대체로 쉬워""(종합)[6월 모평]",Social
'6·3 지선' 부산 선거사범 280명 단속…2명은 구속,Social
‘李대통령 명예훼손 혐의’ 모스 탄 출국정지 유지… “공공복리 우선”,Social
"행안부 ""'민선 9기' 지방정부 성공 출범 중점 지원""",Social
도수치료 회당 4만 3850원…주 2회·연간 최대 24회 제한,Social
"혼합투약 사망 속출·청소년 ‘브액’ 남용… 대한민국, ‘마약오염국’ 됐다",Social
보수 현역 꺾고… 8년 만에 다시 진보교육감 시대 [6·3 국민의 선택],Social
"全 생산라인 멈춘 한화에어로, 특별 안전점검 돌입",Social
"헌재로 간 투표용지 부족 사태…""선거권 침해"" 헌법소원(종합)",Social
19시간 넘게 꼼짝 못 하는 투표함…갇혀 버린 내부 참관인 “밤새 한숨도 못 자” [세상&],Social
"1만8천명 줄이탈에 결국…삼전 초기업노조, '과반노조' 지위 상실",Social
"'투표지 부족' 50%하향 지침 탓…""송파구선관위 의결 과정 규명 필요""",Social
"""장례식장·병원 방문했나요""…에볼라 확산에 인천공항 검역강화",Social
봉쇄 된 '잠실 투표소'…항의 시위에 주민들 밤잠 설쳐,Social
"[단독] 잠실7동 투표소에서 ‘세 끼 굶고 새우잠’잔 참관인…“시위대, 부정선거 없대도 말 안 들어”",Social
5년 만에 새 수장 맞는 부산시 직원들 “일이 손에 안 잡혀”,Social
사상 초유 투표지 부족 사태에… 이틀째 발 묶인 ‘2000명 표’,Social
정치권도 유권자도…'투표용지 부족 사태' 소송전 휘말리나,Social
도수치료 ‘주 2회·연간 15회’ 제한…수가 회당 4만3850원 확정,Social
"""사람 없을 땐 잘 놀아요""…공개된 '늑구', 살도 붙었네",Social
"민주, 충청 광역단체장 ‘싹쓸이’…표심 톺아보면 ‘팽팽’",Social
‘진보 교육감 시대’ 어게인…현직 불패·분열 필패 공식도 재현,Social
"부르는 게 값이던 도수치료, 7월부터 회당 4만3850원",Social
[르포] “어딜 퇴근해”… 선관위 청사 앞 시위대 봉쇄,Social
"'배달라이더' 최저임금 논의 시작…勞 ""시간당 1.7만원 받아야""(종합)",Social
"9대 여수시의회, 7선부터 여성·무소속 최초 4선 등 '눈길'",Social
'채용 비리'에서 '지퍼백 투표'까지…스스로 재앙 부른 선관위,Social
"""시간 걸려도 갚겠다""…양육비 안 준 김동성, 항소심서 선처 호소",Social
"‘N수생 최다’ 6월 모평, 국어·영어 쉬워지고 수학은 지난해 수능 수준",Social
"민주노총 ""택배·배달 최저임금 1만7천468원…도급제 적용가능""",Social
선거날 해운대 아파트서 50대母20대子 숨진채 발견,Social
"""3kg 통통해진 '늑구', 사람 없을 땐 잘 놀아요""…오월드 5일 재개장",Social
잠실7동 투표소 빗속 ‘봉쇄’ 장기전…2000명 투표지 발묶여,Social
선관위 앞 시위 계속…잠실 투표소 대치도 길어져,Social
"“선거 전 수사 끝내준다더니 대단히 서운”…이원택, 경찰 향해 불만",Social
"배달기사 등 최저임금 적용 공방…""특혜 아냐"" vs ""판단 못해""(종합)",Social
"6월 모평, 국·수 작년 수능보다 쉬워…영어는 1등급 3%대 예상(종합)",Social
명의 빌려 농지 산 뒤 수억 원 차익…양도세 나오자 연락 끊은 50대,Social
"[소셜＋] ""젠슨 황과 '삼쏘'를?""…'제2 깐부회동' 기대에 성수동 '들썩'",Social
‘배달기사 등 도급제 노동자’ 최저임금 적용 논의 본격화…노사 ‘팽팽’,Social
"전재수, 첫 일정은 노무현 묘역 참배…""하정우 못 지켜 아프다""",Social
"실손 폭탄 '도수치료' 제한된다... 회당 4만원대, 연 15회까지",Social
"종합특검, 이상민·김용현 첫 피의자 조사… 수사 100일 막판 속도전",Social
원주 귀래면서 트럭·승합차 충돌 1명 숨져…교통사고 잇따라,Social
"김동성 ""양육비 고의 미지급 아냐…밀린 양육비 책임지고 갚겠다""",Social
MBC 아나운서 출신 임국희 별세...70년대 '라디오 스타',Culture
예술활동증명 '깜깜이 대기' 손본다…신청 폭증에 체질개선(종합),Culture
저녁까지 전국 곳곳 소나기…다음 주 더위 ‘주춤’,Culture
"6월엔 ‘검은 보석’ 오디를 가까이… 눈·혈관 건강, 항산화 관리 두루 도움[한의사 曰 건강꿀팁]",Culture
미래차 타고 달리는 K-소프트웨어… 글로벌 표준 가시화,Culture
“하루 딱 13분 투자를” 심장병 사망 막는 ‘운동’의 정체,Culture
"술·담배 안하고 건장한 40대男...2주간 발열·호흡곤란 응급실행, 왜?",Culture
"“키스 전 말해야 하나”…입술 포진, 연인 사이 갈리는 평생 감염병 [건강을 부탁해]",Culture
‘부르는 게 값’ 도수치료 대신 4만원 정가제…연간 15회로 제한,Culture
"등산 초보, ‘하산길’ 무릎·발목 부상 조심하세요",Culture
[날씨] 내일 중부·호남 5㎜ 비…더위는 점차 누그러져,Culture
"김정수 삼양식품 회장, 자녀에 주식 20만주 증여…장남 지분율 2.87%",Culture
자기부담금 95%내야 도수치료 받는다…회당 4만원·연간 15회 '제한',Culture
"환자 두고 떠난 마취의·집도의… 사고 나자, 병원은 뒤늦게 인력 보강",Culture
“췌장이 보내는 마지막 경고” 무시하면 암 위험 높아진다는 신호는?,Culture
사명대사 우국의 혼 오늘날 표충비 땀으로 흘렀더라…경남 밀양시 표충비·만어사 탐방,Culture
"임성근 ""우린 발레파킹 안 해""…안성재 '모수' 논란 의식?",Culture
54만 은둔 청년의 소리 없는 비명…우리는 왜 그들을 방 속에 방치했나,Culture
건강에 좋은 1분 습관...이중 몇 가지 실천하고 있나요?,Culture
"40년 저금리 시대 종말…‘비싼 돈’의 세상은 어떤 곳일까, 신간 <머니 쇼크>",Culture
"스크린·무대서 유세장으로…문화예술인들, 강원 선거판 달궜다",Culture
BYD “자율주행 사고나면 전액 보상”…테슬라에 도전장,Culture
“다이어트 하려면 끊어야” 체지방 연소 방해하는 음식의 정체는?,Culture
"박정수, “S전자 8만 원대에 1000주 넘게 샀다”…매도 후회",Culture
"국토부, '스텔스 자동차' 막는다…""자동점등 의무화""",Culture
홈플러스 37곳 결국 폐점한다는데…선거 끝났으니 ‘새벽배송’ 족쇄 풀릴까,Culture
사과도 안 통했다…스타벅스 논란 2주만에 결제액 107억 증발(종합),Culture
칩 종속 벗어난 자율주행…완성차가 주목한 '이식성',Culture
소나기 이후 찬 공기…다음 주 초까지 더위 '주춤',Culture
“나초 먹고 배탈 난 줄” 차에서 쌍둥이 출산한 美 여성,Culture
“얼룩덜룩 팔 때문에 반팔 못 입어” 무턱대고 크림 바르면 안된다?,Culture
천 년의 울림부터 초심지 가위까지…신라 역사 품은 문화유산,Culture
"김성환 ""지역별 전기요금 곧 공개…산업용 전기료 하향 필요""",Culture
"""에어프라이어 그냥 돌렸더니 발암물질 '철철'""⋯안전하게 먹는 쉬운 방법은?",Culture
수출 호조에 역대급 매출까지…잘나가는 K뷰티에 기대감 커지네,Culture
“여름에 꼭 먹어라” 김강우가 추천한 ‘저칼로리 음식’은?,Culture
“한 잔은 몸에 좋대” 이 말 다 틀렸다…의사들의 ‘섬뜩한 경고’ 들어보니 [헬시타임],Culture
"파리로 날아간 현대모비스 노조…OECD 측에 ""램프사업 매각반대""",Culture
"불금의 여유, 책도 좋지만 꼭 책이 아니어도…무려 800만명 다녀갔다",Culture
"美 공화당도 ""전쟁에 지쳤다"" 반기… 트럼프, 협상서도 갈수록 곤경",World
"트럼프 ""이란 정권, 핵무기 보유하지 않기로 이미 합의""",World
‘막판 변수’ 이스라엘·레바논 휴전…트럼프 “주말 종전 합의 가능”,World
푸틴 분노도 ‘활활’…우크라 ‘러시아판 다보스 포럼’ 개막날 대규모 공습한 이유 [핫이슈],World
"中, '대만 방문' 뉴질랜드 의원 제재…""놀랐다"" ""규탄"" 양국 반발",World
AI 열풍이 부른 '칩플레이션'...스마트폰·PC 가격↑,World
"루비오 미 국무 ""검열로 톈안먼 사태 과거 지울 수 없다""",World
"美국무 ""미국 기업에 대한 한국 정부의 대우, 무역합의에도 영향""",World
"미군 ""쿠웨이트 공항 피해 미국이 초래했다는 이란 주장은 거짓""",World
세계 외환보유액서 금 비중이 미국 국채 제쳤다,World
성폭행 의혹에 사퇴했는데 “그래도 뽑을래” 우르르…‘유령표’ 던진 美유권자들,World
"“푸틴, 2년 내 유럽 침공 가능”…‘2028년’ 콕 집은 이유 따로 있다? [밀리터리+]",World
"""소동파의 돼지요리, 명 황실의 북경오리…스토리 곁들인 중식, IP로 키울 것""",World
"트럼프 ""미군 사상자 나온다면 이란과 휴전 끝, 전면전 검토""",World
"""빼앗긴 땅보다 더 탈환했다""…우크라 드론전 통했나",World
에너지 쇼크·금리 발작…'스파이크플레이션' 진입,World
"""이란 금전 보상 문제, 종전 협상 핵심 쟁점 부상""",World
"미·이란 종전 협상 진통‥이란 ""보상 먼저"" vs 미국 ""핵 포기 먼저""",World
美 국채보다 金 쟁여놓는 각국 중앙은행들,World
미국 중재로 이스라엘·레바논 휴전했지만…양측 공격은 계속,World
"""차세대 원전 여기서 시작""…SK가 투자한 SMR 건설 속도",World
"""이란 금전보상 문제, 종전 MOU 쟁점 부상""",World
‘러시아 다보스포럼’ 맞춰 우크라 드론 공습…전시장 창문 너머로 연기,World
"네타냐후, 美 '이스라엘 무상원조 중단' 결의안 지지…""자립할것""",World
중국이 지운 ‘천안문 사태’ 37주년...美국무 “어떤 검열도 과거를 지울 수 없다”,World
"美 공화당도 ""전쟁에 지쳤다"" 반기… 트럼프, 협상서도 갈수록 곤경",World
공화 4명 이탈에 판 뒤집혀…트럼프 이란전 추진력 흔들[美-이란 전쟁],World
"""헝가리, 러·우크라 협상 중재할 수도""…신임 머저르 총리 제안",World
레바논 휴전 이행 합의…미·이란 협상도 물꼬 트나,World
전자담배가 암·심장병 관련 유전자 수천개 변이 유발…과일향이 가장 위험?,World
"美 하원, 이란전 중단 결의안 통과…'상징적 조치'",World
"전 세계 인쇄회로기판 60%가 중국산…美 ""심각한 안보 위기""",World
"“우크라 전쟁, 왜 푸틴 결심만으로 끝낼 수 없나”-포린어페어즈",World
"美 '휴전' 발표 하루 만에…이스라엘 국방 ""레바논 지상전 지속""",World
"우크라, 러 페테르부르크 공습…푸틴 연설 앞둔 국제경제포럼 겨냥",World
"美 유럽 사령관, 나토 동맹에 “전투기·무인기·군함 공백 스스로 메워라”",World
“동남아인데 열흘 넘게 비가 안와요”…역대급 엘니뇨 전망에 ‘식량 위기’ 경고등,World
오세훈 역전에 '2억 4천 돈벼락' 무슨 일? [포크뉴스],World
"[올댓차이나] 美 FCC, 중국산 장비 해저통신 케이블서 배제 추진",World
"[영상] 스웨덴 사브, 브라질 공군에 '2인승' 그리펜 F 첫 인도",World
"美국무 ""검열로 톈안먼사태 지울 수 없다""…中 ""내정간섭""(종합)",World
“중국은 들켰고 러시아는 쐈다”…미 항모 압박하는 괴물 잠수함들 [밀리터리+],World
"젤렌스키 ""푸틴과 직접 협상할 준비돼…美 관심 온통 이란에""",World
"日증시, AI주 차익 실현에 하락 마감…닛케이지수 1.36%↓",World
이스라엘·레바논 휴전 합의로 일단 ‘급한 불’ 끈 미·이란···쿠웨이트 공습 등 불씨 여전,World
호르무즈 봉쇄 여파...美 원유재고 22년 만에 최저,World
"SOOP, 여자 프로배구단 구단명 'SOOP 수퍼스' 확정",IT
"카카오게임즈, 22일 임시주총 열고 사내이사 신규 선임",IT
"해킹 이유 있었나…티빙, 정보보호 투자액 2년 연속 감소",IT
"""페이커!"" 외쳤던 젠슨 황, 방한 중 이상혁도 만난다",IT
"신입 개발자, 첫날부터 코드 짜다…IBM 밥이 바꾸는 기업 개발 환경",IT
"기초과학연구원(IBS) 신임 원장, 장석복 연구단장 임명",IT
"젠슨 황, 크래프톤 장병규 만난다…게임사의 피지컬 AI 확장",IT
"KT, 금융 산업 AX 인프라 전략 제시",IT
연구실 밖으로 나온 'K-AI 칩'…英선 교통약자 돕고 지리산에선 산불 잡는다(종합),IT
"웨이저자 회장 ""삼성전자가 TSMC 추월? 아직은 꿈""",IT
"퀄컴, 컴퓨텍스 2026서 '드래곤플라이' 랙 모형 공개",IT
삼성은 'HPB' SK는 'iHBM'…HBM5 발열 관리 기술 승부처,IT
"'저가폰의 비애'… 제조사들, 부품값 급등에 ""남는 게 없다"" 손절",IT
"이번엔 삼겹살 회동…젠슨 황, 성수동부터 간다",IT
"“징징대지 말고 퇴사”… 삼성전자 메모리 신입, 파운드리 20년 차 선배 조롱 ‘논란’",IT
"젠슨 황, '대상혁'도 만난다…페이커 회동 타진, 이유는?",IT
엔비디아 젠슨 황이 K-게임사 찾는 이유…'피지컬AI' 협력 가능성↑,IT
"양계장·드론·콜센터까지…국산 AI반도체, 산업 현장 파고든다",IT
"NHN, 순이익 돌아오자 PBR도 뛰었다…1배 회복 시험대",IT
"절치부심 MS, 논란의 위상 양자컴 '마요라나' 후속작 공개",IT
"김성환 기후부 장관 ""지역별 전기요금 곧 공개…석화·철강 수혜""",IT
"""전기 없어요""… 美데이터센터 절반 첫삽도 못 떠",IT
"넷마블, 구로 '지타워' 6977억원에 매각…과천 신사옥 이전",IT
"김정수 회장, 삼양식품 지분 20만주 자녀 증여…오너 3세 전병우 2.87% 확보",IT
"젠슨황, '대상혁' 만난다…韓 게임 애정으로 페이커 회동 타진",IT
"[이준기의 D사이언스] “탄소중립, 기술보다 속도가 관건”… 시장 진입 문턱 낮춰야",IT
"""엔비디아 의존 줄여라""…K-AI칩 생태계 커진다",IT
죽었지만 살아있네…5300년 된 ‘아이스맨’ 미라서 고대 미생물 발견 [핵잼 사이언스],IT
"[단독] 오치영, 지란지교 재편 속도…지란지교데이터, 6년 만에 소프트로 흡수합병",IT
11만원 넘던 도수치료 4만원에 받는다…年 15회 이상 치료 '불가',IT
"성과급 갈등에 삼성전자 초기업노조, 과반 노조 지위 상실",IT
“이 음식 칼로리 계산해줘”“총 510입니다”…일상으로 들어온 메타 스마트 글래스,IT
"오스코텍, 다음 주력 분야는 ‘항내성 항암제’",IT
[르포] 젠슨 황 '컴퓨텍스 2026' 중심⋯나란히 선 한국 기업들,IT
"카카오게임즈, 김태환·이시우 공동대표 체제로 전환한다",IT
도수치료 ‘무제한’ 못 받는다…주 2회·연 최대 24회 제한,IT
글로벌 WFE 전망치 줄상향…국내 전공정 장비사 '훈풍' 기대감,IT
"이노스페이스, 0.4톤급 메탄엔진 지상연소 420초 국내 처음 달성",IT
"선거 끝, 외식 가격 줄인상…""예고된 수순""",IT
[DD퇴근길] 또 빗나간 지상파 출구조사…샤이보수 표심 놓쳤다,IT
"젠슨 황, ‘롤 황제’ 페이커 만난다… 韓게임사도 연쇄 회동",IT
라인 품에 안기는 카카오게임즈…김태환·이시우 공동대표 체제 검토,IT
"넷마블, '구로 랜드마크' 지타워 판다…자산 전략 재편",IT
"NC AI, 한화오션 선박 용접 로봇 '두뇌' 맡는다",IT
